{"cameraMode":{"drawMode":0,"name":"Shaded","section":"Shading Mode"},"sceneLighting":false,"audioPlay":false,"sceneViewState":{"showFog":true,"showMaterialUpdate":false,"showSkybox":false,"showFlares":true,"showImageEffects":true,"showParticleSystems":true},"in2DMode":false,"pivot":{"x":-7.369091033935547,"y":-0.32995739579200747,"z":3.16825270652771},"rotation":{"x":0.08398701250553131,"y":-0.8361653089523315,"z":0.13352254033088685,"w":0.5253631472587586},"size":4.085111141204834,"orthographic":false}