{"cameraMode":{"drawMode":0,"name":"Shaded","section":"Shading Mode"},"sceneLighting":false,"audioPlay":false,"sceneViewState":{"showFog":true,"showMaterialUpdate":false,"showSkybox":false,"showFlares":true,"showImageEffects":true,"showParticleSystems":true},"in2DMode":false,"pivot":{"x":-5.161933898925781,"y":-2.406618118286133,"z":-22.669023513793947},"rotation":{"x":0.11849698424339295,"y":-0.7074316143989563,"z":0.12214235216379166,"w":0.6860576272010803},"size":2.3768012523651125,"orthographic":false}