{"cameraMode":{"drawMode":0,"name":"Shaded","section":"Shading Mode"},"sceneLighting":false,"audioPlay":false,"sceneViewState":{"showFog":true,"showMaterialUpdate":false,"showSkybox":false,"showFlares":true,"showImageEffects":true,"showParticleSystems":true},"in2DMode":false,"pivot":{"x":-4.628077507019043,"y":5.3243255615234379,"z":5.136820316314697},"rotation":{"x":0.10042494535446167,"y":-0.7265433669090271,"z":0.10867173969745636,"w":0.6711246967315674},"size":2.667137622833252,"orthographic":false}